Libdep;Libepci;Libreg;P16 Pop;SCORE GLOBAL departement 1;SCORE GLOBAL epci 1;SCORE GLOBAL region 1;Calcul 1;Code Iris;COM;DEP;Epci;Geo Point;Geo Shape;Grd Quart;Insee Com;Insee Dep;Insee Reg;Iris;Libiris;Nom Com;Nom Dep;Nom Iris;Nom Reg;Part des chômeurs (15 – 64 ans);REG;Services publics / individu;Taux de couverture HD / THD (DSL, câble, FttH);Taux de couverture HD / THD (DSL, câble, FttH) 1;Taux de couverture mobile (2G);Taux de pauvreté;Type Iris;4E Trimestre 2016 Données Communales;ACCES A L'INFORMATION departement;ACCES A L'INFORMATION departement 1;ACCES A L'INFORMATION departement*  ;ACCES A L'INFORMATION epci;ACCES A L'INFORMATION epci * ;ACCES A L'INFORMATION epci 1;ACCES A L'INFORMATION region;ACCES A L'INFORMATION region * ;ACCES A L'INFORMATION region 1;ACCÈS AUX INTERFACES NUMERIQUES departement;ACCÈS AUX INTERFACES NUMERIQUES departement *  ;ACCÈS AUX INTERFACES NUMERIQUES departement 1;ACCÈS AUX INTERFACES NUMERIQUES epci;ACCÈS AUX INTERFACES NUMERIQUES epci *  ;ACCÈS AUX INTERFACES NUMERIQUES epci 1;ACCÈS AUX INTERFACES NUMERIQUES region;ACCÈS AUX INTERFACES NUMERIQUES region *  ;ACCÈS AUX INTERFACES NUMERIQUES region 1;C16 Fam;C16 Fammono;C16 Men;C16 Menpseul;CM Part des familles departement;CM Part des familles EPCI;CM Part des familles region;CM Part des ménages departement;CM Part des ménages EPCI;CM Part des ménages region;CM Part des non ou peu diplômés departement;CM Part des non ou peu diplômés EPCI;CM Part des non ou peu diplômés region;CM Part des personnes âgées de 15 – 29 ans departement;CM Part des personnes âgées de 15 – 29 ans EPCI;CM Part des personnes âgées de 15 – 29 ans region;CM Part des personnes âgées de 65 departement;CM Part des personnes âgées de 65 EPCI;CM Part des personnes âgées de 65 region;CM revenue median departement;CM revenue median EPCI;CM revenue median region;COMPETENCES ADMINISTATIVES departement;COMPETENCES ADMINISTATIVES departement  *;COMPETENCES ADMINISTATIVES departement 1;COMPETENCES ADMINISTATIVES epci;COMPETENCES ADMINISTATIVES epci  * ;COMPETENCES ADMINISTATIVES epci 1;COMPETENCES ADMINISTATIVES region;COMPETENCES ADMINISTATIVES region * ;COMPETENCES ADMINISTATIVES region 1;COMPÉTENCES NUMÉRIQUES / SCOLAIRES departement;COMPÉTENCES NUMÉRIQUES / SCOLAIRES departement * ;COMPÉTENCES NUMÉRIQUES / SCOLAIRES departement 1;COMPÉTENCES NUMÉRIQUES / SCOLAIRES epci;COMPÉTENCES NUMÉRIQUES / SCOLAIRES epci * ;COMPÉTENCES NUMÉRIQUES / SCOLAIRES epci 1;COMPÉTENCES NUMÉRIQUES / SCOLAIRES region;COMPÉTENCES NUMÉRIQUES / SCOLAIRES region * ;COMPÉTENCES NUMÉRIQUES / SCOLAIRES region 1;Dec Med15;F27;F29;GLOBAL ACCES departement;GLOBAL ACCES departement  *;GLOBAL ACCES departement 1;GLOBAL ACCES epci;GLOBAL ACCES epci *;GLOBAL ACCES epci 1;GLOBAL ACCES region;GLOBAL ACCES region * ;GLOBAL ACCES region 1;GLOBAL COMPETENCES  departement;GLOBAL COMPETENCES  departement  * ;GLOBAL COMPETENCES  departement 1;GLOBAL COMPETENCES epci;GLOBAL COMPETENCES epci *;GLOBAL COMPETENCES epci 1;GLOBAL COMPETENCES region;GLOBAL COMPETENCES region *  ;GLOBAL COMPETENCES region 1;Géométrie;MED15 données communales;Nombre d'enregistrements;P16 Nscol15P;P16 Nscol15P Diplmin;P16 Pop Imm;P16 Pop1529;P16 Pop65P;Part des familles monoparentales;Part des ménages d'une personne;Part des non ou peu diplômés dans la population non scolarisée de 15 ans ou plus;Part des personnes âgées de 15 – 29 ans;Part des personnes âgées de 65 ans / +;Revenus médian disponible (si communale);Revenus médian disponible (si infra-communale);SCORE GLOBAL departement;SCORE GLOBAL departement *;SCORE GLOBAL epci;SCORE GLOBAL epci * ;SCORE GLOBAL region;SCORE GLOBAL region * ;SEUILS Part des familles departement;SEUILS Part des familles EPCI;SEUILS Part des familles region;SEUILS Part des ménages departement;SEUILS Part des ménages EPCI;SEUILS Part des ménages region;SEUILS Part des non ou peu diplômés departement;SEUILS Part des non ou peu diplômés EPCI;SEUILS Part des non ou peu diplômés region;SEUILS Part des personnes âgées de 15 – 29 ans departement;SEUILS Part des personnes âgées de 15 – 29 ans EPCI;SEUILS Part des personnes âgées de 15 – 29 ans region;SEUILS Part des personnes âgées de 65 departement;SEUILS Part des personnes âgées de 65 EPCI;SEUILS Part des personnes âgées de 65 region;SEUILS revenue median departement;SEUILS revenue median EPCI;SEUILS revenue median region
PAS DE CALAIS;CU d'Arras;HAUTS DE FRANCE;4376,176519031;138,150840829;127,207258348;134,07185342;Non;620410801;62041;62;200033579;50.2903189814, 2.77569752972;"{""type"": ""Polygon"", ""coordinates"": [[[2.781465713681077, 50.28776338318335], [2.781427856441028, 50.28776780540516], [2.781329754437182, 50.287768529256354], [2.781231683491676, 50.28776207011727], [2.781123829953248, 50.28774930843062], [2.781030048771281, 50.287723103587886], [2.780349013013709, 50.28738878149645], [2.780305698554888, 50.287359074535274], [2.780280551517846, 50.28734107227682], [2.780224714349576, 50.287290691914166], [2.78018570564107, 50.28723764792359], [2.780160734279433, 50.28717924172691], [2.780141430941642, 50.287106479683935], [2.78013464254023, 50.28705618675357], [2.780130578870967, 50.28702385611775], [2.780139186158237, 50.28697808000684], [2.780066376859907, 50.28696358414614], [2.780043946981935, 50.286965339860856], [2.778113546641571, 50.287121700704695], [2.777945317543929, 50.28713576366176], [2.777806541086794, 50.287144492261305], [2.775102301099009, 50.28735777002292], [2.771589922231206, 50.287771514406664], [2.771379545670027, 50.287807937057494], [2.771049594424257, 50.28794469883721], [2.770498809483074, 50.288259724970594], [2.769927062500928, 50.288868312917906], [2.769413736977073, 50.2895703854388], [2.76926847840156, 50.28976944050457], [2.76896093927967, 50.290211513609044], [2.768914362692819, 50.29028325575359], [2.768866462444896, 50.290337935896495], [2.768911215224606, 50.29035867078027], [2.768779345462953, 50.29100039890901], [2.769567939071971, 50.293868760557416], [2.76962915018618, 50.29396943571487], [2.769668709033389, 50.293900374134324], [2.76986192932387, 50.293635865180086], [2.769867560087687, 50.29363048850843], [2.770012394678179, 50.2935266065915], [2.771564088758197, 50.292561593856725], [2.772065607359711, 50.292613700630085], [2.772297769187804, 50.292723669289714], [2.773140911860353, 50.29316787135329], [2.77535517712605, 50.293213677509435], [2.778165691551709, 50.292967365656985], [2.780447426267192, 50.29280579503058], [2.780687157950965, 50.292790509181756], [2.780942310323089, 50.29277435240873], [2.781177835146229, 50.292759507061255], [2.781708902593711, 50.29278738466887], [2.782427541636676, 50.292870360968834], [2.78241664597551, 50.29279671683218], [2.782397572851321, 50.29266918635997], [2.782064256041159, 50.29098420099766], [2.78173524711784, 50.28928036320337], [2.781723114505373, 50.28916900594647], [2.781611138273554, 50.2884873245532], [2.78147532957663, 50.28780829377773], [2.781465713681077, 50.28776338318335]]]}";6204108;62041;62;32;620410801;Hyper Centre;Arras;PAS-DE-CALAIS;Hyper Centre;HAUTS-DE-FRANCE;;32;;;;;;Iris d'habitat;4995;364,456709466;182,228354733;;311,343653076;;155,671826538;349,998318206;174;174,999159103;98,722127945;;98,722127945;87,956259559;;87,956259559;94,131282267;94;94,131282267;899,404937253;228,41610459;2583,856135552;1617,983449889;160,065331452;143,536972995;156,253631463;204,391378014;167,80668008;193,744686742;61,394910675;77,032127108;63,312458372;197,100635434;182,809715991;185,994502607;107,230661452;104,101794356;110,994559068;98,722127945;87,956259559;94,131282267;197,100635434;;197,100635434;182,809715991;;182,809715991;185,994502607;185;185,994502607;168,625572126;;84,312786063;181,133921464;;90,566960732;174,30701744;87;87,15350872;22141;;;463,178837412;;154,392945804;399,299912635;;133,099970878;444,129600473;148;148,043200158;365,726207561;;121,908735854;363,943637455;;121,314545818;360,301520047;120;120,100506682;Polygon;17868;1;3215,430461354;686,510749785;255,130351419;1524,143070476;820,321403304;0,253963588;0,626189449;0,213505084;0,348281899;0,187451626;17868;22141;828,905044972;;763,24355009;;804,43112052;134;0,158662457;0,176932523;0,162532919;0,30636784;0,373161217;0,323203418;0,347756974;0,277163687;0,337224441;0,176702576;0,190516077;0,187253868;0,174811591;0,180065701;0,168883617;18099,285714286;20314,642857143;18982
PAS DE CALAIS;CU d'Arras;HAUTS DE FRANCE;3546,531939381;110,965203656;106,464110567;108,672953127;Non;620411101;62041;62;200033579;50.2759725477, 2.78314384856;"{""type"": ""Polygon"", ""coordinates"": [[[2.784179529352923, 50.27183527492709], [2.784155330066234, 50.27192502155587], [2.783442839225852, 50.27440284190132], [2.782900735714512, 50.27568586545277], [2.781799284094751, 50.27833267772453], [2.781593289318898, 50.27833859795248], [2.781146962348847, 50.278190553305016], [2.780671307614713, 50.278020905619556], [2.780495041554183, 50.27795684206004], [2.779987356615221, 50.27774313833411], [2.778549673195809, 50.27713000205298], [2.778100823451615, 50.27692268120081], [2.777423177172855, 50.276492270168404], [2.77708643624947, 50.27628245422995], [2.775873588672666, 50.27553680480812], [2.774998882859512, 50.275004559761584], [2.774846456267593, 50.27493963347191], [2.774713488792998, 50.27490976015567], [2.774694035930439, 50.27518806944897], [2.77468356091598, 50.27533799732197], [2.774634039053087, 50.27607596892591], [2.774627954872192, 50.27618370403828], [2.774609658182001, 50.27651678593219], [2.774600419758805, 50.27670352906168], [2.774595740528411, 50.276810368766434], [2.774564114469491, 50.277619304408475], [2.774560836201067, 50.277726146542356], [2.774567614891677, 50.278091597395026], [2.774670286627903, 50.27894836502139], [2.774686504795756, 50.27908217906824], [2.774547835793166, 50.27970056569278], [2.773614240709951, 50.280103798275505], [2.772662467587717, 50.28049531761559], [2.772825952445888, 50.2805970795568], [2.77304124229269, 50.28070791548873], [2.773245428031148, 50.280795385722016], [2.774749898496065, 50.281523631348804], [2.776842963839173, 50.282564488616266], [2.778565485687884, 50.28344212785988], [2.778670334374431, 50.283498882416936], [2.778807369671537, 50.283565571293074], [2.778979425740298, 50.283635016452635], [2.779050801202383, 50.28365579559166], [2.779171378570267, 50.28364074782479], [2.779280765155764, 50.283621190516854], [2.779369175431889, 50.283591718921976], [2.779437987183324, 50.28355772280674], [2.779536358830367, 50.283493251747224], [2.779567367007444, 50.28345200491022], [2.779637935580781, 50.28333630507373], [2.779813175102318, 50.28299632307983], [2.779926295984851, 50.28276217926752], [2.779991359246699, 50.28262312448357], [2.780383183207879, 50.28177712467633], [2.780501794580759, 50.281568130340695], [2.780610495181711, 50.28138246303664], [2.781068741007676, 50.28072513261974], [2.782429509665074, 50.280681750854534], [2.784604974310442, 50.28082833548128], [2.785469295590272, 50.280221978724974], [2.784690332661651, 50.279867753189414], [2.784481957936651, 50.279773111467755], [2.785983797010902, 50.277179053924364], [2.787914348776242, 50.27421577843959], [2.789363796769405, 50.27301958449247], [2.79297801965257, 50.270711847951524], [2.794747440187678, 50.27001265715666], [2.795118935981382, 50.2699504230613], [2.792977070163707, 50.268889124617054], [2.788491891045023, 50.268106623250034], [2.788238414698984, 50.26808733201644], [2.787924966328126, 50.26833910119818], [2.787681705294344, 50.2685559726129], [2.787535174243287, 50.26875595036178], [2.787489969208027, 50.268845661779196], [2.78745441557374, 50.26897220346175], [2.784205144826624, 50.271741939201746], [2.784179529352923, 50.27183527492709]]]}";6204111;62041;62;32;620411101;Jean Jaures Cheminots;Arras;PAS-DE-CALAIS;Jean Jaures Cheminots;HAUTS-DE-FRANCE;;32;;;;;;Iris d'habitat;4995;244,018877437;122,009438718;;210,532704192;;105,266352096;235,113204307;117;117,556602153;98,722127945;;98,722127945;87,956259559;;87,956259559;94,131282267;94;94,131282267;962,225992159;205,450022716;1496,224332392;501,698708625;134,572070444;120,676148083;131,367451713;109,446806993;89,85655611;103,745752594;112,582164334;141,25671815;116,098443902;122,045689924;113,196681805;115,168717456;88,422362299;85,842299692;91,526070829;98,722127945;87,956259559;94,131282267;122,045689924;;122,045689924;113,196681805;;113,196681805;115,168717456;115;115,168717456;201,004526632;;100,502263316;227,099017842;;113,549508921;207,624514731;103;103,812257366;15380;;;342,741005382;;114,247001794;298,488963752;;99,496321251;329,244486574;109;109,748162191;323,050216556;;107,683405519;340,295699647;;113,431899882;322,793232187;107;107,597744062;Polygon;17868;1;2461,795670652;963,823354627;94,346642947;764,837550845;548,196445563;0,213515353;0,335309818;0,391512328;0,215657878;0,154572539;17868;15380;665,791221938;;638,784663399;;652,037718761;108;0,158662457;0,176932523;0,162532919;0,30636784;0,373161217;0,323203418;0,347756974;0,277163687;0,337224441;0,176702576;0,190516077;0,187253868;0,174811591;0,180065701;0,168883617;18099,285714286;20314,642857143;18982
PAS DE CALAIS;CU d'Arras;HAUTS DE FRANCE;3454,815111596;124,541991805;114,893145453;121,035524525;Non;620410701;62041;62;200033579;50.2961838884, 2.77579594741;"{""type"": ""Polygon"", ""coordinates"": [[[2.779111932247162, 50.298540742703594], [2.78004157969245, 50.29814644960949], [2.781337959876469, 50.2981909552889], [2.7814080172419, 50.29819736454413], [2.781469559740637, 50.29822800083415], [2.781487739063308, 50.29823790949895], [2.781623206982546, 50.29835307537863], [2.783090358430465, 50.29754979998204], [2.783713635849221, 50.29660054872155], [2.783713889240386, 50.2965412904023], [2.783663011457953, 50.29631134890133], [2.782626580059624, 50.29286622282072], [2.782427541636676, 50.292870360968834], [2.781708902593711, 50.29278738466887], [2.781177835146229, 50.292759507061255], [2.780942310323089, 50.29277435240873], [2.780687157950965, 50.292790509181756], [2.780447426267192, 50.29280579503058], [2.778165691551709, 50.292967365656985], [2.77535517712605, 50.293213677509435], [2.773140911860353, 50.29316787135329], [2.772297769187804, 50.292723669289714], [2.772065607359711, 50.292613700630085], [2.771564088758197, 50.292561593856725], [2.770012394678179, 50.2935266065915], [2.769867560087687, 50.29363048850843], [2.76986192932387, 50.293635865180086], [2.769668709033389, 50.293900374134324], [2.76962915018618, 50.29396943571487], [2.76972232392988, 50.29413032740112], [2.769966244397676, 50.29442887346843], [2.76916233113314, 50.29736786650825], [2.767556442518885, 50.29910310298316], [2.767555032551162, 50.29910489603951], [2.769089332628143, 50.29954144453895], [2.769943651235383, 50.29970465603175], [2.770106088897193, 50.29974087332757], [2.7703146535364, 50.299805907767215], [2.770441950592452, 50.29986360769172], [2.770539738120976, 50.29993741397066], [2.770603884163982, 50.30001115756822], [2.770777238041756, 50.30042269807404], [2.770795257371877, 50.30046762436374], [2.771122032437864, 50.30043141939999], [2.774700899739257, 50.29907051133968], [2.778259463221779, 50.29923235816589], [2.779111932247162, 50.298540742703594]]]}";6204107;62041;62;32;620410701;Meaulens St-Gery;Arras;PAS-DE-CALAIS;Meaulens St-Gery;HAUTS-DE-FRANCE;;32;;;;;;Iris d'habitat;4995;359,401152069;179,700576034;;308,331965247;;154,165982624;345,631353212;172;172,815676606;98,722127945;;98,722127945;87,956259559;;87,956259559;94,131282267;94;94,131282267;808,018937653;224,487823728;1915,04866763;1081,286188681;175,104406398;157,023111904;170,934574881;184,296745671;151,308853343;174,696778331;64,595421349;81,047804342;66,612930621;137,530981311;127,559201308;129,781451011;87,002268158;84,463642262;90,056130041;98,722127945;87,956259559;94,131282267;137,530981311;;137,530981311;127,559201308;;127,559201308;129,781451011;129;129,781451011;151,597689508;;75,798844754;165,511446604;;82,755723302;156,669060662;78;78,334530331;18122;;;458,123280014;;152,707760005;396,288224807;;132,096074936;439,762635479;146;146,58754516;289,128670818;;96,376223606;293,070647913;;97,690215971;286,450511673;95;95,483503891;Polygon;17868;1;2551,32540432;573,117193408;197,177469322;839,591885007;525,443001559;0,277824953;0,564625958;0,224635083;0,243020786;0,15209005;17868;18122;747,251950832;;689,358872719;;726,213147152;121;0,158662457;0,176932523;0,162532919;0,30636784;0,373161217;0,323203418;0,347756974;0,277163687;0,337224441;0,176702576;0,190516077;0,187253868;0,174811591;0,180065701;0,168883617;18099,285714286;20314,642857143;18982
PAS DE CALAIS;CU d'Arras;HAUTS DE FRANCE;2967,060756498;126,930866875;118,428921849;123,438312522;Non;620410901;62041;62;200033579;50.2919150085, 2.78508019304;"{""type"": ""Polygon"", ""coordinates"": [[[2.781465713681077, 50.28776338318335], [2.78147532957663, 50.28780829377773], [2.781611138273554, 50.2884873245532], [2.781723114505373, 50.28916900594647], [2.78173524711784, 50.28928036320337], [2.782064256041159, 50.29098420099766], [2.782397572851321, 50.29266918635997], [2.78241664597551, 50.29279671683218], [2.782427541636676, 50.292870360968834], [2.782626580059624, 50.29286622282072], [2.783663011457953, 50.29631134890133], [2.783713889240386, 50.2965412904023], [2.783815064786937, 50.29648131125411], [2.784275895137705, 50.296226228397934], [2.784527273776829, 50.29611263977903], [2.784735024987668, 50.296040276044025], [2.786546964307012, 50.29525682902687], [2.787766710947566, 50.29438538699178], [2.788605586524422, 50.292871234899415], [2.789053462764086, 50.29201184758843], [2.788580965123981, 50.29037871674678], [2.78805088972445, 50.290119220462955], [2.787576749977033, 50.289890345732765], [2.785533380071448, 50.28890453859521], [2.78389046382361, 50.288347683128436], [2.781712712915557, 50.28768211464823], [2.781694405611591, 50.287702733254534], [2.781667732513361, 50.287713460457084], [2.781624215467358, 50.28773044290618], [2.78151338072515, 50.28775897834088], [2.781465713681077, 50.28776338318335]]]}";6204109;62041;62;32;620410901;Saint-Michel;Arras;PAS-DE-CALAIS;Saint-Michel;HAUTS-DE-FRANCE;;32;;;;;;Iris d'habitat;4995;357,826371285;178,913185643;;309,28110434;;154,64055217;344,975708405;172;172,487854202;98,722127945;;98,722127945;87,956259559;;87,956259559;94,131282267;94;94,131282267;763,407046405;247,951674242;1503,310923929;705,207237684;204,70889104;183,570635181;199,834076047;153,117480245;125,710469159;145,141632358;83,783188022;105,122674148;86,399988951;151,963461806;140,94524471;143,400696963;69,290052191;67,26824834;71,722198545;98,722127945;87,956259559;94,131282267;151,963461806;;151,963461806;140,94524471;;140,94524471;143,400696963;143;143,400696963;153,073240213;;76,536620107;172,390922488;;86,195461244;158,122187496;79;79,061093748;13468;;;456,54849923;;152,182833077;397,237363899;;132,412454633;439,106990672;146;146,368996891;305,036702019;;101,678900673;313,336167198;;104,445389066;301,522884458;100;100,507628153;Polygon;17868;1;2095,507001997;610,550858793;210,536949754;796,725097214;359,391295692;0,324796156;0,469102716;0,29136188;0,268523351;0,121127043;17868;13468;761,585201249;;710,573531097;;740,629875131;123;0,158662457;0,176932523;0,162532919;0,30636784;0,373161217;0,323203418;0,347756974;0,277163687;0,337224441;0,176702576;0,190516077;0,187253868;0,174811591;0,180065701;0,168883617;18099,285714286;20314,642857143;18982
PAS DE CALAIS;CU d'Arras;HAUTS DE FRANCE;2799,084493105;115,404628432;108,333831038;112,725554783;Non;620411001;62041;62;200033579;50.2839503347, 2.78479241102;"{""type"": ""Polygon"", ""coordinates"": [[[2.791279821972803, 50.28572067639084], [2.79126888162657, 50.28565511312191], [2.791024993266738, 50.28498937546863], [2.790981767328772, 50.28493722546851], [2.78870825091153, 50.28255308027977], [2.786011864865361, 50.280481511508086], [2.785469295590272, 50.280221978724974], [2.784604974310442, 50.28082833548128], [2.782429509665074, 50.280681750854534], [2.781068741007676, 50.28072513261974], [2.780610495181711, 50.28138246303664], [2.780501794580759, 50.281568130340695], [2.780383183207879, 50.28177712467633], [2.779991359246699, 50.28262312448357], [2.779926295984851, 50.28276217926752], [2.779813175102318, 50.28299632307983], [2.779637935580781, 50.28333630507373], [2.779567367007444, 50.28345200491022], [2.779536358830367, 50.283493251747224], [2.779437987183324, 50.28355772280674], [2.779369175431889, 50.283591718921976], [2.779280765155764, 50.283621190516854], [2.779171378570267, 50.28364074782479], [2.779050801202383, 50.28365579559166], [2.779161361848372, 50.283688317302875], [2.779343294423933, 50.28374251574953], [2.779040279940033, 50.28413973173777], [2.779019146695551, 50.28416573223126], [2.778583908621597, 50.2846758419431], [2.778875936033677, 50.284870307195455], [2.779070233529705, 50.284981992099596], [2.780987799855986, 50.28582851831233], [2.783477442972415, 50.28678062209692], [2.78524251187202, 50.28743511630161], [2.786258292407759, 50.287159439899476], [2.790678031803958, 50.2858678047794], [2.791279821972803, 50.28572067639084]]]}";6204110;62041;62;32;620411001;Ronville;Arras;PAS-DE-CALAIS;Ronville;HAUTS-DE-FRANCE;;32;;;;;;Iris d'habitat;4995;291,573134444;145,786567222;;249,812075188;;124,906037594;280,278864732;140;140,139432366;98,722127945;;98,722127945;87,956259559;;87,956259559;94,131282267;94;94,131282267;730,73153269;159,650772593;1424,387393886;671,474566249;137,701604529;123,482526237;134,422460946;153,871529915;126,329548951;145,856403786;84,114109723;105,537881244;86,741246332;114,481030479;106,180503285;108,030307842;103,537368003;100,516266953;107,171627527;98,722127945;87,956259559;94,131282267;114,481030479;;114,481030479;106,180503285;;106,180503285;108,030307842;108;108,030307842;187,651477726;;93,825738863;206,054148197;;103,027074098;193,912873859;96;96,956436929;22420;;;390,295262389;;130,098420796;337,768334747;;112,589444916;374,410147;124;124,803382333;302,132508205;;100,710836068;312,234651482;;104,078217161;301,943181701;100;100,647727234;Polygon;17868;1;1962,79731326;574,143108059;69,590232756;566,229403885;506,621195639;0,218480749;0,471412882;0,292512683;0,20229093;0,180995321;17868;22420;692,427770594;;650,002986229;;676,353328701;112;0,158662457;0,176932523;0,162532919;0,30636784;0,373161217;0,323203418;0,347756974;0,277163687;0,337224441;0,176702576;0,190516077;0,187253868;0,174811591;0,180065701;0,168883617;18099,285714286;20314,642857143;18982
PAS DE CALAIS;CU d'Arras;HAUTS DE FRANCE;2780,750193163;105,8281185;100,532931955;103,374227728;Non;620410201;62041;62;200033579;50.3040304121, 2.73588601678;"{""type"": ""Polygon"", ""coordinates"": [[[2.727696189165867, 50.29663049692886], [2.727307701343922, 50.29667273550943], [2.727105738448068, 50.29669563297585], [2.726359504143852, 50.2967972328068], [2.725784622412887, 50.29838516901851], [2.725676472166056, 50.298683915676364], [2.725077298159547, 50.30034900628373], [2.725420759018875, 50.301118337360236], [2.725517032759667, 50.30120115454768], [2.72727860995846, 50.303367996877626], [2.729328097639471, 50.30610175131542], [2.729986668367309, 50.306839664293946], [2.730115575185429, 50.30778135332639], [2.730091408402245, 50.30862302022809], [2.729537779956647, 50.3100350171399], [2.729443089955986, 50.31043794189177], [2.72963072156965, 50.31048324569838], [2.72989288170799, 50.310487411635684], [2.730371375607724, 50.31041303990948], [2.735433824638714, 50.310207625375405], [2.737720176744771, 50.31027895038893], [2.739993009020719, 50.310254135096656], [2.740223000709894, 50.310242947875516], [2.740925804961416, 50.31016810973346], [2.74122905488399, 50.3100879404817], [2.741410889426954, 50.31003490018002], [2.741544995412849, 50.30999343155844], [2.741623664263857, 50.30996306969897], [2.741738858750723, 50.30991841877573], [2.741897602486626, 50.30985679985089], [2.742024044637488, 50.30980588728263], [2.742112613975284, 50.30975848675786], [2.742223743425577, 50.309685993662825], [2.742316770023404, 50.309589220802444], [2.742414038858614, 50.30948527395727], [2.742479262508798, 50.309341754884336], [2.742503818831096, 50.309199946520614], [2.742497375793969, 50.30908860015737], [2.744177167334072, 50.3076152053232], [2.747252070507506, 50.305062609686864], [2.747891930753545, 50.30466168246135], [2.747782705940413, 50.30463721707848], [2.747081609675174, 50.3043879738013], [2.746349990261365, 50.30407671185109], [2.746057702028958, 50.303936943064734], [2.74573895642092, 50.30376210274642], [2.745421714286201, 50.30356751190149], [2.745563082657016, 50.30026728951438], [2.745368054140961, 50.30002536330956], [2.745088485655218, 50.29959201827235], [2.744905463718165, 50.2991938886262], [2.744840470834454, 50.29901777389791], [2.7447852903498, 50.29884167940703], [2.744713726271943, 50.29885679482334], [2.744636446526601, 50.29889344696321], [2.744604034960775, 50.29892749844199], [2.742484826041601, 50.29943935822682], [2.739796311918487, 50.29998050813563], [2.739528302547175, 50.300033813593906], [2.739330449064004, 50.30007379897167], [2.736112027928938, 50.300743486882986], [2.733749522656589, 50.301240757780654], [2.733474732670703, 50.301248244712184], [2.73318791871914, 50.30114347299142], [2.732996843215532, 50.30095989661324], [2.732141193667332, 50.29921350324116], [2.731381336014154, 50.29765226771111], [2.731348048763103, 50.297585753486295], [2.731042918116483, 50.29697633834223], [2.729794352810509, 50.296128719706495], [2.729477094506293, 50.29621960582782], [2.729427965306391, 50.29623296593485], [2.728957730115005, 50.29636032718385], [2.728842632236505, 50.296390601367705], [2.728239146530614, 50.29653472604615], [2.727696189165867, 50.29663049692886]]]}";6204102;62041;62;32;620410201;Saint-Pol 1;Arras;PAS-DE-CALAIS;Saint-Pol 1;HAUTS-DE-FRANCE;;32;;;;;;Iris d'habitat;4995;286,094587652;143,047293826;;248,397806783;;124,198903391;276,237029787;138;138,118514894;98,722127945;;98,722127945;87,956259559;;87,956259559;94,131282267;94;94,131282267;715,929175917;202,667970879;1103,97468166;364,183193329;178,418910361;159,995359932;174,17014923;107,675677291;88,402446851;102,066880557;98,985003217;124,196375006;102,076602552;94,836412402;87,960231983;89,492615358;56,330579787;54,686918401;58,307836404;98,722127945;87,956259559;94,131282267;94,836412402;;94,836412402;87,960231983;;87,960231983;89,492615358;89;89,492615358;155,315583004;;77,657791502;178,883293407;;89,441646703;160,384438956;80;80,192219478;9266;;;384,816715597;;128,272238532;336,354066342;;112,118022114;370,368312055;123;123,456104018;250,151995406;;83,383998469;266,84352539;;88,947841797;249,877054314;83;83,292351438;Polygon;17868;1;1722,975210633;593,095022264;344,475864928;465,993621972;273,827098042;0,283083827;0,329883646;0,344227252;0,167578383;0,098472383;17868;9266;634,968711003;;603,197591732;;620,245366369;103;0,158662457;0,176932523;0,162532919;0,30636784;0,373161217;0,323203418;0,347756974;0,277163687;0,337224441;0,176702576;0,190516077;0,187253868;0,174811591;0,180065701;0,168883617;18099,285714286;20314,642857143;18982
PAS DE CALAIS;CU d'Arras;HAUTS DE FRANCE;2731,243516237;133,470809775;126,937205835;130,968879884;Non;620410301;62041;62;200033579;50.2907488921, 2.74606108555;"{""type"": ""Polygon"", ""coordinates"": [[[2.754117650123375, 50.291983020543135], [2.75400026762443, 50.29191185485281], [2.753415953015754, 50.291599127433024], [2.753245323984804, 50.29152605871198], [2.749821508072594, 50.28980692164934], [2.748908718891615, 50.289329194463896], [2.747619844699138, 50.28867381006817], [2.746178633462467, 50.28794177879456], [2.744973508087917, 50.287366897398236], [2.744730216900329, 50.28725730218715], [2.744698062056798, 50.28724197174467], [2.744639475798269, 50.28718797799819], [2.744615874364122, 50.28714393332185], [2.744620273402942, 50.28710533390052], [2.743051946311761, 50.288241474111], [2.742230488109185, 50.28883504745551], [2.741800753424356, 50.28873538211879], [2.741727948007094, 50.288721761506714], [2.741575506984848, 50.28893423738737], [2.74085418721282, 50.289945520483805], [2.740622676698552, 50.29027096010653], [2.739569237063818, 50.292356281830855], [2.739504091789208, 50.29248723270039], [2.739889484913043, 50.29249343379582], [2.743281966341662, 50.292623553937005], [2.744226391627278, 50.292666819181534], [2.747470009942206, 50.29286116132316], [2.747533061365779, 50.292864881948695], [2.7476003129425, 50.29286950900856], [2.748239214706539, 50.2929112196042], [2.749383968047062, 50.292975505217456], [2.749846406647563, 50.29299081045041], [2.750156174658787, 50.2929860515396], [2.750182808441888, 50.292985207657274], [2.750338455233473, 50.292970259303395], [2.750885331648006, 50.292915698121824], [2.751179872039283, 50.2928722976388], [2.751416975242233, 50.292823393432556], [2.751735556725738, 50.29273604467682], [2.752743383807011, 50.292426511003875], [2.753426983345517, 50.292211494645535], [2.754117650123375, 50.291983020543135]]]}";6204103;62041;62;32;620410301;Les Hochettes;Arras;PAS-DE-CALAIS;Les Hochettes;HAUTS-DE-FRANCE;;32;;;;;;Iris d'habitat;4995;351,938462616;175,969231308;;304,608129008;;152,304064504;339,454625177;169;169,727312588;98,722127945;;98,722127945;87,956259559;;87,956259559;94,131282267;94;94,131282267;746,133303601;244,858494723;1381,663723116;614,217985435;206,835259226;185,477434424;201,909808173;145,10320339;119,130694584;137,544817004;118,854058343;149,126056687;122,566228024;106,817238431;99,07237984;100,798351502;124,492971316;120,860409918;128,862792332;98,722127945;87,956259559;94,131282267;106,817238431;;106,817238431;99,07237984;;99,07237984;100,798351502;100;100,798351502;243,34702966;;121,67351483;269,986466605;;134,993233302;251,429020356;125;125,714510178;14748;;;450,660590561;;150,220196854;392,564388568;;130,854796189;433,585907444;144;144,528635815;350,16426809;;116,721422697;369,058846445;;123,019615482;352,227371858;117;117,409123953;Polygon;17868;1;1954,848420469;807,984355302;109,963553008;515,518967786;594,395458345;0,328169904;0,444549549;0,413323277;0,188748812;0,217628144;17868;14748;800,824858651;;761,623235013;;785,813279302;130;0,158662457;0,176932523;0,162532919;0,30636784;0,373161217;0,323203418;0,347756974;0,277163687;0,337224441;0,176702576;0,190516077;0,187253868;0,174811591;0,180065701;0,168883617;18099,285714286;20314,642857143;18982
PAS DE CALAIS;CU d'Arras;HAUTS DE FRANCE;2534,465587132;126,177719293;117,55690388;122,719792242;Non;620411201;62041;62;200033579;50.2791869151, 2.79356733149;"{""type"": ""Polygon"", ""coordinates"": [[[2.791279821972803, 50.28572067639084], [2.79221828091314, 50.285488815156526], [2.79705216590276, 50.28428294468005], [2.801677449892417, 50.28314837754717], [2.804568928311755, 50.282440981039635], [2.804755451182547, 50.28240087224787], [2.805463740486412, 50.28223139580113], [2.806533995974226, 50.28194486213701], [2.806532605032228, 50.281942166321436], [2.805724060821603, 50.28053149371494], [2.803858703119734, 50.280939499079196], [2.802877495288081, 50.28138956619277], [2.802118603269192, 50.28160024909764], [2.802070922748497, 50.28161004917939], [2.801281404885916, 50.281767702902705], [2.800663254433005, 50.281818781436954], [2.800568501113146, 50.281683946475134], [2.800152656496872, 50.28089224203324], [2.799592203543543, 50.27982195744732], [2.800207017013497, 50.27954551083135], [2.801847747265798, 50.27884422162675], [2.802040028750738, 50.27876192560739], [2.802194552241818, 50.27866071316416], [2.800436499046148, 50.277137763569065], [2.800230199385576, 50.27722272818531], [2.798851606963729, 50.27790018272396], [2.798705589484357, 50.27797536639491], [2.79719648215939, 50.2772958882157], [2.796326217603638, 50.27629331228308], [2.795691999485765, 50.27513399039552], [2.793562474839386, 50.27270794054503], [2.792693721672825, 50.27171521178263], [2.79426425961474, 50.270668210117975], [2.795118935981382, 50.2699504230613], [2.794747440187678, 50.27001265715666], [2.79297801965257, 50.270711847951524], [2.789363796769405, 50.27301958449247], [2.787914348776242, 50.27421577843959], [2.785983797010902, 50.277179053924364], [2.784481957936651, 50.279773111467755], [2.784690332661651, 50.279867753189414], [2.785469295590272, 50.280221978724974], [2.786011864865361, 50.280481511508086], [2.78870825091153, 50.28255308027977], [2.790981767328772, 50.28493722546851], [2.791024993266738, 50.28498937546863], [2.79126888162657, 50.28565511312191], [2.791279821972803, 50.28572067639084]]]}";6204112;62041;62;32;620411201;Quartier Universitaire;Arras;PAS-DE-CALAIS;Quartier Universitaire;HAUTS-DE-FRANCE;;32;;;;;;Iris d'habitat;4995;298,192970365;149,096485183;;253,129999244;;126,564999622;285,763454726;142;142,881727363;98,722127945;;98,722127945;87,956259559;;87,956259559;94,131282267;94;94,131282267;569,976504987;99,249519264;1386,737398671;800,611019919;109,748168813;98,415564446;107,134691615;188,444801553;154,714434797;178,62876311;78,289257373;98,229445386;80,734466325;175,683981429;162,945891465;165,784624032;106,177978647;103,079827623;109,904926101;98,722127945;87,956259559;94,131282267;175,683981429;;175,683981429;162,945891465;;162,945891465;165,784624032;165;165,784624032;184,46723602;;92,23361801;201,309273009;;100,654636504;190,639392426;95;95,319696213;19129;;;396,91509831;;132,30503277;341,086258803;;113,695419601;379,894736993;126;126,631578998;360,151217449;;120,050405816;364,255164474;;121,418388158;356,424016458;118;118,808005486;Polygon;17868;1;1728,499250836;470,594901497;79,967026465;786,79473264;470,425741975;0,174129141;0,577334267;0,272256353;0,31043812;0,185611414;17868;19129;757,066315759;;705,341423277;;736,318753451;122;0,158662457;0,176932523;0,162532919;0,30636784;0,373161217;0,323203418;0,347756974;0,277163687;0,337224441;0,176702576;0,190516077;0,187253868;0,174811591;0,180065701;0,168883617;18099,285714286;20314,642857143;18982
PAS DE CALAIS;CU d'Arras;HAUTS DE FRANCE;2529,130291766;114,95014977;106,491157321;111,646909287;Non;620411301;62041;62;200033579;50.2869289058, 2.79774949038;"{""type"": ""Polygon"", ""coordinates"": [[[2.777945317543929, 50.28713576366176], [2.778113546641571, 50.287121700704695], [2.780043946981935, 50.286965339860856], [2.780066376859907, 50.28696358414614], [2.780139186158237, 50.28697808000684], [2.780130578870967, 50.28702385611775], [2.78013464254023, 50.28705618675357], [2.780141430941642, 50.287106479683935], [2.780160734279433, 50.28717924172691], [2.78018570564107, 50.28723764792359], [2.780224714349576, 50.287290691914166], [2.780280551517846, 50.28734107227682], [2.780305698554888, 50.287359074535274], [2.780349013013709, 50.28738878149645], [2.781030048771281, 50.287723103587886], [2.781123829953248, 50.28774930843062], [2.781231683491676, 50.28776207011727], [2.781329754437182, 50.287768529256354], [2.781427856441028, 50.28776780540516], [2.781465713681077, 50.28776338318335], [2.78151338072515, 50.28775897834088], [2.781624215467358, 50.28773044290618], [2.781667732513361, 50.287713460457084], [2.781694405611591, 50.287702733254534], [2.781712712915557, 50.28768211464823], [2.78389046382361, 50.288347683128436], [2.785533380071448, 50.28890453859521], [2.787576749977033, 50.289890345732765], [2.78782072091001, 50.28986293206274], [2.79190079864754, 50.28942544366123], [2.794010076994807, 50.29043729260663], [2.794058386661937, 50.2906196403665], [2.794203599008352, 50.29109754801729], [2.794254910198211, 50.29123141576793], [2.794307710781677, 50.29134373717087], [2.79437722381569, 50.29148212452908], [2.794492136306079, 50.29148500977801], [2.796028204361477, 50.29148307201467], [2.797404664269673, 50.290740113138085], [2.798965236550564, 50.28950361127171], [2.799972663057822, 50.289560020337916], [2.801524663822731, 50.289768590064135], [2.802945886570916, 50.29009365392297], [2.803801437851884, 50.2902871623999], [2.804911407649291, 50.29028802643465], [2.807243927038248, 50.29016868856977], [2.807295699323018, 50.29019031833912], [2.80735921337864, 50.2900727970173], [2.809211309279056, 50.2872734288159], [2.809659367251482, 50.28602730210495], [2.809775327475198, 50.28486261605512], [2.807829953921651, 50.28162814342334], [2.807393763755792, 50.28173430986858], [2.806766821548209, 50.28188776329412], [2.806533995974226, 50.28194486213701], [2.805463740486412, 50.28223139580113], [2.804755451182547, 50.28240087224787], [2.804568928311755, 50.282440981039635], [2.801677449892417, 50.28314837754717], [2.79705216590276, 50.28428294468005], [2.79221828091314, 50.285488815156526], [2.791279821972803, 50.28572067639084], [2.790678031803958, 50.2858678047794], [2.786258292407759, 50.287159439899476], [2.78524251187202, 50.28743511630161], [2.783477442972415, 50.28678062209692], [2.780987799855986, 50.28582851831233], [2.779070233529705, 50.284981992099596], [2.778875936033677, 50.284870307195455], [2.778583908621597, 50.2846758419431], [2.778533213638001, 50.28473231695999], [2.778099508891374, 50.285210103872366], [2.777993892957702, 50.28532753516169], [2.777821912925253, 50.285558876690104], [2.777769708378522, 50.285639591195014], [2.777640994446369, 50.28591051681341], [2.777611084589557, 50.28602000337898], [2.777593672343628, 50.286155550793005], [2.777587222215572, 50.28634768394987], [2.777592523736338, 50.28641682971707], [2.77759655810551, 50.28645544552189], [2.777665691205152, 50.28666836604334], [2.777698933531765, 50.2867573153685], [2.777737887983086, 50.28682203242682], [2.777945317543929, 50.28713576366176]]]}";6204113;62041;62;32;620411301;Saint-Sauveur;Arras;PAS-DE-CALAIS;Saint-Sauveur;HAUTS-DE-FRANCE;;32;;;;;;Iris d'habitat;4995;274,029264402;137,014632201;;232,728570397;;116,364285199;262,64827403;131;131,324137015;98,722127945;;98,722127945;87,956259559;;87,956259559;94,131282267;94;94,131282267;604,763333672;98,175473686;1313,565502608;691,033111411;102,315958658;91,750804885;99,879467665;171,713305744;140,977765512;162,768806366;61,79238903;77,530842764;63,722351172;161,11614682;149,434307895;152,037650836;94,040970427;91,296963312;97,341897415;98,722127945;87,956259559;94,131282267;161,11614682;;161,11614682;149,434307895;;149,434307895;152,037650836;152;152,037650836;155,833359456;;77,916679728;168,827806075;;84,413903038;161,064248587;80;80,532124293;20878;;;372,751392347;;124,250464116;320,684829957;;106,894943319;356,779556298;118;118,926518766;316,949506276;;105,649835425;318,26211397;;106,087371323;313,101899423;104;104,367299808;Polygon;17868;1;1855,573889585;398,739341763;94,865327149;720,034241774;415,775152788;0,162337014;0,526074345;0,214887342;0,284696381;0,164394517;17868;20878;689,700898623;;638,946943927;;669,88145572;111;0,158662457;0,176932523;0,162532919;0,30636784;0,373161217;0,323203418;0,347756974;0,277163687;0,337224441;0,176702576;0,190516077;0,187253868;0,174811591;0,180065701;0,168883617;18099,285714286;20314,642857143;18982
PAS DE CALAIS;CU d'Arras;HAUTS DE FRANCE;2462,4986073;103,873846072;96,502607643;101,177020172;Non;620410401;62041;62;200033579;50.2854568833, 2.75546389994;"{""type"": ""Polygon"", ""coordinates"": [[[2.765207283167608, 50.288807335475596], [2.765615860930104, 50.28834122052729], [2.766962944360432, 50.286752746411445], [2.76874194879937, 50.284771796416216], [2.768315428911799, 50.283660323094836], [2.767218535566653, 50.28237159802966], [2.7669635125764, 50.28206583745879], [2.766623464629834, 50.28166294432422], [2.766279098159439, 50.28128608033046], [2.766241447698692, 50.28124650222393], [2.766050406303308, 50.28104591255107], [2.765920533633185, 50.280950490671536], [2.763384197707259, 50.279777504036915], [2.761697126044403, 50.27919018094618], [2.759821840236318, 50.27900292312669], [2.757819465329824, 50.278877789818495], [2.755944657563779, 50.27961349679057], [2.75468364897525, 50.28046802046189], [2.753581011845115, 50.28188267490632], [2.753323293025488, 50.28286578511958], [2.75128553769742, 50.28363880219888], [2.74639032484573, 50.28247505232174], [2.743205975023415, 50.28108841697388], [2.740891309979212, 50.28023507419109], [2.740232643724677, 50.28134616182341], [2.73999645733697, 50.28177036091881], [2.73904737298054, 50.28321393968704], [2.738924257598273, 50.28344712715149], [2.738731703752376, 50.28383011273277], [2.73874008831267, 50.283834619894364], [2.740983096878748, 50.2850236536214], [2.742333172202325, 50.2857340093858], [2.744663911085781, 50.287066815777784], [2.744620273402942, 50.28710533390052], [2.744615874364122, 50.28714393332185], [2.744639475798269, 50.28718797799819], [2.744698062056798, 50.28724197174467], [2.744730216900329, 50.28725730218715], [2.744973508087917, 50.287366897398236], [2.746178633462467, 50.28794177879456], [2.747619844699138, 50.28867381006817], [2.748908718891615, 50.289329194463896], [2.749821508072594, 50.28980692164934], [2.753245323984804, 50.29152605871198], [2.753415953015754, 50.291599127433024], [2.75400026762443, 50.29191185485281], [2.754117650123375, 50.291983020543135], [2.754509090177366, 50.29218671863284], [2.756985962894564, 50.294154360047536], [2.757227039606795, 50.29444574294343], [2.757291275595283, 50.294495251935636], [2.757399098744055, 50.29451611505497], [2.757502893695952, 50.294500157753575], [2.757575999980774, 50.29445361265346], [2.757601538311004, 50.29438901670168], [2.757586336030225, 50.29434409362409], [2.757735579215006, 50.29391071877328], [2.75788582603465, 50.293559949009776], [2.758030357193509, 50.29323161430445], [2.758336069290452, 50.292609095499785], [2.759220323757826, 50.29086806660024], [2.759490534788012, 50.29033705621583], [2.759989816647358, 50.28937641171974], [2.760394370788965, 50.28947506664673], [2.761502412809575, 50.28988125691858], [2.761681490824525, 50.28994714774612], [2.762743321773635, 50.29034964572576], [2.763314311731532, 50.29052403210936], [2.764048793384801, 50.289901421769066], [2.765046661164235, 50.28899199061203], [2.765207283167608, 50.288807335475596]]]}";6204104;62041;62;32;620410401;Faubourg d Amiens;Arras;PAS-DE-CALAIS;Faubourg d Amiens;HAUTS-DE-FRANCE;;32;;;;;;Iris d'habitat;4995;270,227792922;135,113896461;;233,454865936;;116,727432968;260,481286866;130;130,240643433;98,722127945;;98,722127945;87,956259559;;87,956259559;94,131282267;94;94,131282267;708,630400207;172,15409317;1123,327706859;403,038546275;153,116995323;137,30612259;149,470758852;117,110797599;96,148743345;111,010528015;55,419007652;69,534168138;57,149909927;115,422123651;107,053361839;108,918372744;83,452024261;81,016990389;86,381269227;98,722127945;87,956259559;94,131282267;115,422123651;;115,422123651;107,053361839;;107,053361839;108,918372744;108;108,918372744;138,871031914;;69,435515957;150,551158527;;75,275579263;143,531179153;71;71,765589577;20782;;;368,949920867;;122,983306956;321,411125495;;107,137041832;354,612569134;118;118,204189711;254,293155565;;84,764385188;257,604520366;;85,868173455;252,449551898;84;84,149850633;Polygon;17868;1;1767,404997312;340,620413667;148,036677858;502,236109462;359,238683159;0,242939187;0,35878982;0,192723464;0,203953865;0,145883812;17868;20782;623,243076432;;579,015645861;;607,062121031;101;0,158662457;0,176932523;0,162532919;0,30636784;0,373161217;0,323203418;0,347756974;0,277163687;0,337224441;0,176702576;0,190516077;0,187253868;0,174811591;0,180065701;0,168883617;18099,285714286;20314,642857143;18982
PAS DE CALAIS;CU d'Arras;HAUTS DE FRANCE;2456,656824794;119,559241314;110,347738431;115,804287585;Non;620410601;62041;62;200033579;50.2937091183, 2.76440566812;"{""type"": ""Polygon"", ""coordinates"": [[[2.765207283167608, 50.288807335475596], [2.765046661164235, 50.28899199061203], [2.764048793384801, 50.289901421769066], [2.763314311731532, 50.29052403210936], [2.762743321773635, 50.29034964572576], [2.761681490824525, 50.28994714774612], [2.761502412809575, 50.28988125691858], [2.760394370788965, 50.28947506664673], [2.759989816647358, 50.28937641171974], [2.759490534788012, 50.29033705621583], [2.759220323757826, 50.29086806660024], [2.758336069290452, 50.292609095499785], [2.758030357193509, 50.29323161430445], [2.75788582603465, 50.293559949009776], [2.757735579215006, 50.29391071877328], [2.757586336030225, 50.29434409362409], [2.757601538311004, 50.29438901670168], [2.757575999980774, 50.29445361265346], [2.75759406139476, 50.29448686912322], [2.758115135844031, 50.294847038047], [2.760164567102452, 50.295675280386675], [2.761233370281631, 50.29610832887222], [2.763000632586684, 50.29705090167361], [2.763064562096486, 50.2971677463777], [2.763735967132354, 50.29746712449715], [2.767363593997699, 50.29927961710623], [2.767487432405512, 50.299173903577994], [2.767555032551162, 50.29910489603951], [2.767556442518885, 50.29910310298316], [2.76916233113314, 50.29736786650825], [2.769966244397676, 50.29442887346843], [2.76972232392988, 50.29413032740112], [2.76962915018618, 50.29396943571487], [2.769567939071971, 50.293868760557416], [2.768779345462953, 50.29100039890901], [2.768911215224606, 50.29035867078027], [2.768866462444896, 50.290337935896495], [2.768775555524362, 50.29029646344922], [2.766098644762218, 50.289100838065124], [2.765207283167608, 50.288807335475596]]]}";6204106;62041;62;32;620410601;Préfecture;Arras;PAS-DE-CALAIS;Prefecture;HAUTS-DE-FRANCE;;32;;;;;;Iris d'habitat;4995;290,837854594;145,418927297;;246,062347571;;123,031173786;278,407250322;139;139,203625161;98,722127945;;98,722127945;87,956259559;;87,956259559;94,131282267;94;94,131282267;507,667151925;77,454938406;1352,670004194;806,772124401;96,16031425;86,230792793;93,870410088;194,677540344;159,831554779;184,536840234;62,644271599;78,59969889;64,600840596;183,402730294;170,104987044;173,068440508;81,74846345;79,363137519;84,61791182;98,722127945;87,956259559;94,131282267;183,402730294;;183,402730294;170,104987044;;170,104987044;173,068440508;173;173,068440508;144,392735049;;72,196367525;157,962836409;;78,981418204;149,218752415;74;74,609376208;22314;;;389,55998254;;129,853327513;334,018607131;;111,33953571;372,538532589;124;124,179510863;327,795465343;;109,265155114;328,067823453;;109,355941151;322,287192923;107;107,429064308;Polygon;17868;1;1907,40972361;415,528871533;133,441735414;796,146829405;351,070484165;0,152570317;0,596429374;0,217849823;0,324077348;0,14290579;17868;22314;717,355447882;;662,086430584;;694,825725512;115;0,158662457;0,176932523;0,162532919;0,30636784;0,373161217;0,323203418;0,347756974;0,277163687;0,337224441;0,176702576;0,190516077;0,187253868;0,174811591;0,180065701;0,168883617;18099,285714286;20314,642857143;18982
PAS DE CALAIS;CU d'Arras;HAUTS DE FRANCE;1941,228730408;97,643372351;90,262170021;95,178680606;Non;620410501;62041;62;200033579;50.2850965645, 2.7721120957;"{""type"": ""Polygon"", ""coordinates"": [[[2.777945317543929, 50.28713576366176], [2.777737887983086, 50.28682203242682], [2.777698933531765, 50.2867573153685], [2.777665691205152, 50.28666836604334], [2.77759655810551, 50.28645544552189], [2.777592523736338, 50.28641682971707], [2.777587222215572, 50.28634768394987], [2.777593672343628, 50.286155550793005], [2.777611084589557, 50.28602000337898], [2.777640994446369, 50.28591051681341], [2.777769708378522, 50.285639591195014], [2.777821912925253, 50.285558876690104], [2.777993892957702, 50.28532753516169], [2.778099508891374, 50.285210103872366], [2.778533213638001, 50.28473231695999], [2.778583908621597, 50.2846758419431], [2.779019146695551, 50.28416573223126], [2.779040279940033, 50.28413973173777], [2.779343294423933, 50.28374251574953], [2.779161361848372, 50.283688317302875], [2.779050801202383, 50.28365579559166], [2.778979425740298, 50.283635016452635], [2.778807369671537, 50.283565571293074], [2.778670334374431, 50.283498882416936], [2.778565485687884, 50.28344212785988], [2.776842963839173, 50.282564488616266], [2.774749898496065, 50.281523631348804], [2.773245428031148, 50.280795385722016], [2.77304124229269, 50.28070791548873], [2.772825952445888, 50.2805970795568], [2.772662467587717, 50.28049531761559], [2.772281736235902, 50.28071818673513], [2.770359777014583, 50.28153169029703], [2.769150976124866, 50.28204301831421], [2.769045755879937, 50.282070655386406], [2.767616509224661, 50.28175820037439], [2.7669635125764, 50.28206583745879], [2.767218535566653, 50.28237159802966], [2.768315428911799, 50.283660323094836], [2.76874194879937, 50.284771796416216], [2.766962944360432, 50.286752746411445], [2.765615860930104, 50.28834122052729], [2.765207283167608, 50.288807335475596], [2.766098644762218, 50.289100838065124], [2.768775555524362, 50.29029646344922], [2.768866462444896, 50.290337935896495], [2.768914362692819, 50.29028325575359], [2.76896093927967, 50.290211513609044], [2.76926847840156, 50.28976944050457], [2.769413736977073, 50.2895703854388], [2.769927062500928, 50.288868312917906], [2.770498809483074, 50.288259724970594], [2.771049594424257, 50.28794469883721], [2.771379545670027, 50.287807937057494], [2.771589922231206, 50.287771514406664], [2.775102301099009, 50.28735777002292], [2.777806541086794, 50.287144492261305], [2.777945317543929, 50.28713576366176]]]}";6204105;62041;62;32;620410501;Vauban;Arras;PAS-DE-CALAIS;Vauban;HAUTS-DE-FRANCE;;32;;;;;;Iris d'habitat;4995;222,848944341;111,424472171;;188,656927373;;94,328463686;213,367676187;106;106,683838093;98,722127945;;98,722127945;87,956259559;;87,956259559;94,131282267;94;94,131282267;514,6666055;61,421253986;971,965729486;439,615695045;75,217434049;67,450476014;73,426251099;147,631510292;121,206451359;139,941425087;45,909345145;57,602405017;47,34323206;107,33106455;99,548950638;101,283224792;111,048752122;107,808477542;114,946668331;98,722127945;87,956259559;94,131282267;107,33106455;;107,33106455;99,548950638;;99,548950638;101,283224792;101;101,283224792;156,958097267;;78,479048633;165,410882559;;82,705441279;162,289900391;81;81,144950196;30836;;;321,571072286;;107,190357429;276,613186932;;92,204395644;307,498958454;102;102,499652818;264,289161817;;88,096387272;264,959833196;;88,319944399;263,573125183;87;87,857708394;Polygon;17868;1;1426,257658043;227,706241955;89,209826889;368,167142797;376,843144916;0,119341829;0,452295469;0,15965295;0,189656756;0,194126091;17868;30836;585,860234104;;541,573020129;;571,072083637;95;0,158662457;0,176932523;0,162532919;0,30636784;0,373161217;0,323203418;0,347756974;0,277163687;0,337224441;0,176702576;0,190516077;0,187253868;0,174811591;0,180065701;0,168883617;18099,285714286;20314,642857143;18982
PAS DE CALAIS;CU d'Arras;HAUTS DE FRANCE;1675,735429662;118,325439875;112,977056665;115,800699165;Non;620410202;62041;62;200033579;50.3003972137, 2.74952169228;"{""type"": ""Polygon"", ""coordinates"": [[[2.7447852903498, 50.29884167940703], [2.744840470834454, 50.29901777389791], [2.744905463718165, 50.2991938886262], [2.745088485655218, 50.29959201827235], [2.745368054140961, 50.30002536330956], [2.745563082657016, 50.30026728951438], [2.745421714286201, 50.30356751190149], [2.74573895642092, 50.30376210274642], [2.746057702028958, 50.303936943064734], [2.746349990261365, 50.30407671185109], [2.747081609675174, 50.3043879738013], [2.747782705940413, 50.30463721707848], [2.747891930753545, 50.30466168246135], [2.748005835503823, 50.304590985067314], [2.748055057372762, 50.30455966086284], [2.748370196507818, 50.304334943707126], [2.748841705449326, 50.30395611377549], [2.751309261339582, 50.301904133914796], [2.751547231560652, 50.301687332885415], [2.751672678224881, 50.301547520266396], [2.751744556939109, 50.30146865378519], [2.752000084169748, 50.30110104739553], [2.752114441617663, 50.30093517409531], [2.752668227662709, 50.30005818293739], [2.752758641320332, 50.299914707196585], [2.752771362282996, 50.299893184140636], [2.752942178453825, 50.29964661586936], [2.753108546739019, 50.299449420540626], [2.753367724862496, 50.29919135632091], [2.753557682846901, 50.299042691798036], [2.753836139627915, 50.29885469794519], [2.754070888361118, 50.298718692019996], [2.754594904435471, 50.29847641664201], [2.754931191656949, 50.2983572214995], [2.75553530433111, 50.29821700822879], [2.755699453837409, 50.29818590858296], [2.755839722431914, 50.29816553572858], [2.756005238621718, 50.29814162125346], [2.756456897717446, 50.2980769706871], [2.757667344395462, 50.29791415007462], [2.757985685088781, 50.29788155467594], [2.758778174277266, 50.29776997771031], [2.758088793629977, 50.297717448791495], [2.757905281482973, 50.29769464203797], [2.755750900721167, 50.29740128133791], [2.75490646106704, 50.297241581892074], [2.754497441351661, 50.29718599850053], [2.754085414049751, 50.29717260718159], [2.7540083270668, 50.29717155551444], [2.753870903135459, 50.297183851245755], [2.753544158584412, 50.297215521383926], [2.752462427000606, 50.297427942500114], [2.751195479905513, 50.29767769050224], [2.748154935134448, 50.298297324215405], [2.746337875773487, 50.298666210073456], [2.744898792360137, 50.298849097206414], [2.7447852903498, 50.29884167940703]]]}";6204102;62041;62;32;620410202;Saint-Pol 2;Arras;PAS-DE-CALAIS;Saint-Pol 2;HAUTS-DE-FRANCE;;32;;;;;;Iris d'habitat;4995;296,625165767;148,312582883;;255,692515713;;127,846257857;285,71466657;142;142,857333285;98,722127945;;98,722127945;87,956259559;;87,956259559;94,131282267;94;94,131282267;405,913293763;103,418943422;727,835218548;303,359742208;160,580441062;143,998892347;156,756474561;136,044724705;111,693623366;128,958192009;118,486501251;148,664883207;122,187191018;111,885371733;103,773044592;105,58090804;84,233472553;81,775636921;87,190147092;98,722127945;87,956259559;94,131282267;111,885371733;;111,885371733;103,773044592;;103,773044592;105,58090804;105;105,58090804;202,719973804;;101,359986902;230,440520127;;115,220260064;209,37733811;104;104,688669055;9626;;;395,347293712;;131,782431237;343,648775273;;114,549591758;379,845948838;126;126,615316279;314,605345537;;104,868448512;334,213564719;;111,404521573;314,95824615;104;104,98608205;Polygon;17868;1;1122,614404157;462,567732582;270,445012131;331,300156493;246,751830712;0,254780873;0,416797284;0,412045072;0,197704334;0,147249874;17868;9626;709,952639249;;677,862339992;;694,804194988;115;0,158662457;0,176932523;0,162532919;0,30636784;0,373161217;0,323203418;0,347756974;0,277163687;0,337224441;0,176702576;0,190516077;0,187253868;0,174811591;0,180065701;0,168883617;18099,285714286;20314,642857143;18982
PAS DE CALAIS;CU d'Arras;HAUTS DE FRANCE;1631,879057756;119,933193165;115,207366717;118,326086116;Non;620410103;62041;62;200033579;50.2956149402, 2.73560659607;"{""type"": ""Polygon"", ""coordinates"": [[[2.738584841099923, 50.29245565690824], [2.738460128201931, 50.2924509030105], [2.738223311590031, 50.292442319483094], [2.736862581204802, 50.292409792428195], [2.733650586875048, 50.29234453207624], [2.730027882452383, 50.2922917571067], [2.728626868706556, 50.29245478590502], [2.727828880057507, 50.29385190196988], [2.726449970920464, 50.293805751971824], [2.726503670800007, 50.29398364847492], [2.726709283882747, 50.29458028679823], [2.727191128618872, 50.295676748024135], [2.727302178613594, 50.29587721719948], [2.72749232420661, 50.29622600842142], [2.727696189165867, 50.29663049692886], [2.728239146530614, 50.29653472604615], [2.728842632236505, 50.296390601367705], [2.728957730115005, 50.29636032718385], [2.729427965306391, 50.29623296593485], [2.729477094506293, 50.29621960582782], [2.729794352810509, 50.296128719706495], [2.731042918116483, 50.29697633834223], [2.731348048763103, 50.297585753486295], [2.731381336014154, 50.29765226771111], [2.732141193667332, 50.29921350324116], [2.732996843215532, 50.30095989661324], [2.73318791871914, 50.30114347299142], [2.733474732670703, 50.301248244712184], [2.733749522656589, 50.301240757780654], [2.736112027928938, 50.300743486882986], [2.739330449064004, 50.30007379897167], [2.739528302547175, 50.300033813593906], [2.739467222638369, 50.2999178609188], [2.739183953869436, 50.29939650440961], [2.738856438953317, 50.29875833149306], [2.738548514139699, 50.29812827942063], [2.738339126160473, 50.29768967947706], [2.738305245651862, 50.29746514245945], [2.738356472041374, 50.29731710419742], [2.738634608236857, 50.296657766325666], [2.738698331661833, 50.296532200800634], [2.740936964322711, 50.29430663435958], [2.742039197968523, 50.29446786796985], [2.743372486867831, 50.29467177253214], [2.74478421251109, 50.29488839510869], [2.745942444968241, 50.2950676668311], [2.746290802334655, 50.29463740988324], [2.747454890324733, 50.293363037171005], [2.747533061365779, 50.292864881948695], [2.747470009942206, 50.29286116132316], [2.744226391627278, 50.292666819181534], [2.743281966341662, 50.292623553937005], [2.739889484913043, 50.29249343379582], [2.739504091789208, 50.29248723270039], [2.738584841099923, 50.29245565690824]]]}";6204101;62041;62;32;620410103;Blancs Monts Baudimont 3;Arras;PAS-DE-CALAIS;Blancs Monts Baudimont 3;HAUTS-DE-FRANCE;;32;;;;;;Iris d'habitat;4995;227,898285621;113,94914281;;195,544711403;;97,772355701;219,177861801;109;109,588930901;98,722127945;;98,722127945;87,956259559;;87,956259559;94,131282267;94;94,131282267;446,119043158;78,870382488;733,073408906;261,5838191;111,426633544;99,920710781;108,773186393;116,471652077;95,624000622;110,404675408;108,60076215;136,261257195;111,992690554;106,127935706;98,433055492;100,147889279;178,25004757;173,048916653;184,506792796;98,722127945;87,956259559;94,131282267;106,127935706;;106,127935706;98,433055492;;98,433055492;100,147889279;100;100,147889279;286,85080972;;143,42540486;309,310173848;;154,655086924;296,499483351;148;148,249741675;18580;;;326,620413566;;108,873471189;283,500970962;;94,500323654;313,309144068;104;104,436381356;392,978745426;;130,992915142;407,74322934;;135,91440978;396,64737263;132;132,215790877;Polygon;17868;1;1252,093228435;472,873948297;103,100226054;306,027578508;508,49636189;0,176792234;0,356831684;0,377666724;0,187530796;0,311601745;17868;18580;719,599158992;;691,244200302;;709,956516698;118;0,158662457;0,176932523;0,162532919;0,30636784;0,373161217;0,323203418;0,347756974;0,277163687;0,337224441;0,176702576;0,190516077;0,187253868;0,174811591;0,180065701;0,168883617;18099,285714286;20314,642857143;18982
PAS DE CALAIS;CU d'Arras;HAUTS DE FRANCE;1535,034439342;125,82697334;119,284067757;122,942202721;Non;620410101;62041;62;200033579;50.2956748152, 2.75239279501;"{""type"": ""Polygon"", ""coordinates"": [[[2.757575999980774, 50.29445361265346], [2.757502893695952, 50.294500157753575], [2.757399098744055, 50.29451611505497], [2.757291275595283, 50.294495251935636], [2.757227039606795, 50.29444574294343], [2.756985962894564, 50.294154360047536], [2.754509090177366, 50.29218671863284], [2.754117650123375, 50.291983020543135], [2.753426983345517, 50.292211494645535], [2.752743383807011, 50.292426511003875], [2.751735556725738, 50.29273604467682], [2.751416975242233, 50.292823393432556], [2.751179872039283, 50.2928722976388], [2.750885331648006, 50.292915698121824], [2.750338455233473, 50.292970259303395], [2.750182808441888, 50.292985207657274], [2.750156174658787, 50.2929860515396], [2.749846406647563, 50.29299081045041], [2.749383968047062, 50.292975505217456], [2.748239214706539, 50.2929112196042], [2.7476003129425, 50.29286950900856], [2.747533061365779, 50.292864881948695], [2.747454890324733, 50.293363037171005], [2.746290802334655, 50.29463740988324], [2.745942444968241, 50.2950676668311], [2.745842317671412, 50.295189569803306], [2.745468588032691, 50.29564670866186], [2.745290876451444, 50.29586631785623], [2.745245735066546, 50.29592368775138], [2.74484366291472, 50.296440024565584], [2.74476592936479, 50.296567359965856], [2.744588656520206, 50.29697641746557], [2.744521200560374, 50.29728873320407], [2.744502158033507, 50.297451206471145], [2.744507184189239, 50.29756614299931], [2.744516220379894, 50.29771969580039], [2.744583474284798, 50.29800266100642], [2.7447852903498, 50.29884167940703], [2.744898792360137, 50.298849097206414], [2.746337875773487, 50.298666210073456], [2.748154935134448, 50.298297324215405], [2.751195479905513, 50.29767769050224], [2.752462427000606, 50.297427942500114], [2.753544158584412, 50.297215521383926], [2.753870903135459, 50.297183851245755], [2.7540083270668, 50.29717155551444], [2.754085414049751, 50.29717260718159], [2.754497441351661, 50.29718599850053], [2.75490646106704, 50.297241581892074], [2.755750900721167, 50.29740128133791], [2.757905281482973, 50.29769464203797], [2.758088793629977, 50.297717448791495], [2.758778174277266, 50.29776997771031], [2.759087705572709, 50.29782086314675], [2.759751721944511, 50.29790206853193], [2.760145517793159, 50.29791899684812], [2.760612473355138, 50.29787860301185], [2.760901516709811, 50.29781631383283], [2.761245517206431, 50.29769217812895], [2.761449230220497, 50.297592910114254], [2.7619639622781, 50.29722847621971], [2.762910766548293, 50.297084847548646], [2.763064562096486, 50.2971677463777], [2.763000632586684, 50.29705090167361], [2.761233370281631, 50.29610832887222], [2.760164567102452, 50.295675280386675], [2.758115135844031, 50.294847038047], [2.75759406139476, 50.29448686912322], [2.757575999980774, 50.29445361265346]]]}";6204101;62041;62;32;620410101;Blancs Monts Baudimont 1;Arras;PAS-DE-CALAIS;Blancs Monts Baudimont 1;HAUTS-DE-FRANCE;;32;;;;;;Iris d'habitat;4995;332,803968341;166,40198417;;285,834728393;;142,917364196;320,172898831;160;160,086449416;98,722127945;;98,722127945;87,956259559;;87,956259559;94,131282267;94;94,131282267;363,018944904;95,830346273;756,579768183;385,758317278;166,379414627;149,199063455;162,417354841;166,424553714;136,635664938;157,75554399;116,674345464;146,391173328;120,318436156;120,158596846;111,446413732;113,387957401;86,602801446;84,075831528;89,64264167;98,722127945;87,956259559;94,131282267;120,158596846;;120,158596846;111,446413732;;111,446413732;113,387957401;113;113,387957401;203,27714691;;101,638573455;230,467004856;;115,233502428;209,961077826;104;104,980538913;14364;;;431,526096286;;143,842032095;373,790987952;;124,596995984;414,304181099;138;138,1013937;323,435743757;;107,811914586;341,913418587;;113,971139529;323,349035228;107;107,783011743;Polygon;17868;1;1127,591984227;457,512750097;126,155502634;325,923632292;232,391527744;0,263981667;0,50987131;0,405743174;0,212323336;0,151391735;17868;14364;754,961840043;;715,70440654;;737,653216326;122;0,158662457;0,176932523;0,162532919;0,30636784;0,373161217;0,323203418;0,347756974;0,277163687;0,337224441;0,176702576;0,190516077;0,187253868;0,174811591;0,180065701;0,168883617;18099,285714286;20314,642857143;18982
PAS DE CALAIS;CU d'Arras;HAUTS DE FRANCE;1460,708502829;114,869037322;111,248507096;112,437399659;Non;620410102;62041;62;200033579;50.2970983053, 2.7418275914;"{""type"": ""Polygon"", ""coordinates"": [[[2.7447852903498, 50.29884167940703], [2.744583474284798, 50.29800266100642], [2.744516220379894, 50.29771969580039], [2.744507184189239, 50.29756614299931], [2.744502158033507, 50.297451206471145], [2.744521200560374, 50.29728873320407], [2.744588656520206, 50.29697641746557], [2.74476592936479, 50.296567359965856], [2.74484366291472, 50.296440024565584], [2.745245735066546, 50.29592368775138], [2.745290876451444, 50.29586631785623], [2.745468588032691, 50.29564670866186], [2.745842317671412, 50.295189569803306], [2.745942444968241, 50.2950676668311], [2.74478421251109, 50.29488839510869], [2.743372486867831, 50.29467177253214], [2.742039197968523, 50.29446786796985], [2.740936964322711, 50.29430663435958], [2.738698331661833, 50.296532200800634], [2.738634608236857, 50.296657766325666], [2.738356472041374, 50.29731710419742], [2.738305245651862, 50.29746514245945], [2.738339126160473, 50.29768967947706], [2.738548514139699, 50.29812827942063], [2.738856438953317, 50.29875833149306], [2.739183953869436, 50.29939650440961], [2.739467222638369, 50.2999178609188], [2.739528302547175, 50.300033813593906], [2.739796311918487, 50.29998050813563], [2.742484826041601, 50.29943935822682], [2.744604034960775, 50.29892749844199], [2.744636446526601, 50.29889344696321], [2.744713726271943, 50.29885679482334], [2.7447852903498, 50.29884167940703]]]}";6204101;62041;62;32;620410102;Blancs Monts Baudimont 2;Arras;PAS-DE-CALAIS;Blancs Monts Baudimont 2;HAUTS-DE-FRANCE;;32;;;;;;Iris d'habitat;4995;253,413119107;126,706559554;;216,539414391;;108,269707196;243,381128707;121;121,690564353;98,722127945;;98,722127945;87,956259559;;87,956259559;94,131282267;94;94,131282267;325,17655472;57,807890064;614,268775582;266,043169678;112,045319076;100,475510797;109,377138918;141,367800031;116,063903594;134,003989789;144,699166891;181,553886044;149,218557037;122,900834931;113,989823925;115,975677159;69,478975057;67,451658654;71,917752782;98,722127945;87,956259559;94,131282267;122,900834931;;122,900834931;113,989823925;;113,989823925;115,975677159;115;115,975677159;214,178141948;;107,089070974;249,005544698;;124,502772349;221,136309819;110;110,56815491;6599;;;352,135247052;;117,378415684;304,495673951;;101,498557984;337,512410974;112;112,504136991;337,078976879;;112,35965896;362,995368624;;120,998456208;337,111986978;112;112,370662326;Polygon;17868;1;979,804706547;493,039143694;253,80566075;317,220518437;177,413713792;0,177773856;0,433105475;0,503201445;0,217168941;0,121457302;17868;6599;689,214223931;;667,491042574;;674,624397952;112;0,158662457;0,176932523;0,162532919;0,30636784;0,373161217;0,323203418;0,347756974;0,277163687;0,337224441;0,176702576;0,190516077;0,187253868;0,174811591;0,180065701;0,168883617;18099,285714286;20314,642857143;18982
